{
    "average_center": {
        "x": 0.5073570589808857,
        "y": 0.5303016613511479
    },
    "average_distances": {
        "left_eye": 0.18946967761102107,
        "right_eye": 0.18570715758588743,
        "left_ear": 0.24353203504027962,
        "right_ear": 0.225677763062117,
        "mouth_center": 0.10150128734258697,
        "chin": 0.15375633604578093,
        "forehead": 0.20165056287045355
    }
}