{
    "x": 0.5293621846751587,
    "y": 0.6689280767899912
}