{
    "NOSE": {
        "x": -0.031738374080206896,
        "y": -0.0808352889442766
    },
    "LEFT_EYE_INNER": {
        "x": -0.018507491193107656,
        "y": -0.09677450409209407
    },
    "LEFT_EYE": {
        "x": -0.010433872003813047,
        "y": -0.09691578985468761
    },
    "LEFT_EYE_OUTER": {
        "x": -0.0029634447717988813,
        "y": -0.09690239290530617
    },
    "RIGHT_EYE_INNER": {
        "x": -0.03724419949827967,
        "y": -0.09622283390647657
    },
    "RIGHT_EYE": {
        "x": -0.04196770831539824,
        "y": -0.09614850731717574
    },
    "RIGHT_EYE_OUTER": {
        "x": -0.04643811275427406,
        "y": -0.09616879001259804
    },
    "LEFT_EAR": {
        "x": 0.016502813410920067,
        "y": -0.09110746160149574
    },
    "RIGHT_EAR": {
        "x": -0.0419531043719601,
        "y": -0.09016103992188298
    },
    "MOUTH_LEFT": {
        "x": -0.014497234611897855,
        "y": -0.06481428051719794
    },
    "MOUTH_RIGHT": {
        "x": -0.03857206261238536,
        "y": -0.06508370217036556
    },
    "LEFT_SHOULDER": {
        "x": 0.08091678480441505,
        "y": 0.003675591804691263
    },
    "RIGHT_SHOULDER": {
        "x": -0.08091678480441505,
        "y": -0.003675591804691263
    },
    "LEFT_ELBOW": {
        "x": 0.09225219598895795,
        "y": 0.12906326021294337
    },
    "RIGHT_ELBOW": {
        "x": -0.11170896797164066,
        "y": 0.10742013750446809
    },
    "LEFT_WRIST": {
        "x": 0.06495649921330246,
        "y": 0.20832777415981163
    },
    "RIGHT_WRIST": {
        "x": -0.1199746534631059,
        "y": 0.1708379580161056
    },
    "LEFT_PINKY": {
        "x": 0.0638797481519145,
        "y": 0.23416639330822067
    },
    "RIGHT_PINKY": {
        "x": -0.12768542983040615,
        "y": 0.18977837979390816
    },
    "LEFT_INDEX": {
        "x": 0.052235343468350334,
        "y": 0.22992386115161148
    },
    "RIGHT_INDEX": {
        "x": -0.12040832603501307,
        "y": 0.18872795928571676
    },
    "LEFT_THUMB": {
        "x": 0.04798370891728917,
        "y": 0.22098448540310603
    },
    "RIGHT_THUMB": {
        "x": -0.1129169673533053,
        "y": 0.18270322388491114
    },
    "LEFT_HIP": {
        "x": 0.030739786556443653,
        "y": 0.21505667661895622
    },
    "RIGHT_HIP": {
        "x": -0.06310497999594018,
        "y": 0.20776219414295377
    },
    "LEFT_KNEE": {
        "x": 0.012284216747896091,
        "y": 0.3715460279302017
    },
    "RIGHT_KNEE": {
        "x": -0.0795353814154058,
        "y": 0.35041799325798006
    },
    "LEFT_ANKLE": {
        "x": 0.007165659621760652,
        "y": 0.49740585392794096
    },
    "RIGHT_ANKLE": {
        "x": -0.08046720227276957,
        "y": 0.4852950757218374
    },
    "LEFT_HEEL": {
        "x": 0.014378249745916677,
        "y": 0.5135533188444537
    },
    "RIGHT_HEEL": {
        "x": -0.07566035367749832,
        "y": 0.5054722467588412
    },
    "LEFT_FOOT_INDEX": {
        "x": -0.030592204952562176,
        "y": 0.544208220432739
    },
    "RIGHT_FOOT_INDEX": {
        "x": -0.0916454367138244,
        "y": 0.5322806431433639
    }
}